Workbook

Sheet Benchmark summary
A1: Model: gemini/gemini-3.6-flash · run finished 2026-09-24T08:20:47+00:00
A2: Metric | B2: Formula over the raw rows | C2: Report says | D2: Match
A3: SQL execution accuracy % | B3: =100*COUNTIFS(Benchmark!B2:B51,"sql",Benchmark!D2:D51,TRUE)/COUNTIF(Benchmark!B2:B51,"sql") | C3: 100 | D3: =IF(ABS(B3-C3)<=0.05,"yes","CHECK")
A4: Root-cause Hit@1 % | B4: =100*COUNTIFS(Benchmark!B2:B51,"root_cause",Benchmark!D2:D51,TRUE)/COUNTIF(Benchmark!B2:B51,"root_cause") | C4: 93.3 | D4: =IF(ABS(B4-C4)<=0.05,"yes","CHECK")
A5: Root-cause Hit@3 % | B5: =100*COUNTIFS(Benchmark!B2:B51,"root_cause",Benchmark!E2:E51,TRUE)/COUNTIF(Benchmark!B2:B51,"root_cause") | C5: 100 | D5: =IF(ABS(B5-C5)<=0.05,"yes","CHECK")
A6: Correct refusals % | B6: =100*COUNTIFS(Benchmark!B2:B51,"refusal",Benchmark!D2:D51,TRUE)/COUNTIF(Benchmark!B2:B51,"refusal") | C6: 100 | D6: =IF(ABS(B6-C6)<=0.05,"yes","CHECK")
A7: Answers with unsupported numbers % | B7: =100*COUNTIF(Benchmark!J2:J51,">0")/COUNTA(Benchmark!A2:A51) | C7: 0 | D7: =IF(ABS(B7-C7)<=0.05,"yes","CHECK")
A8: Median latency (s) | B8: =MEDIAN(Benchmark!F2:F51) | C8: 21.66 | D8: =IF(ABS(B8-C8)<=0.05,"yes","CHECK")
A9: Average cost per question (USD) | B9: =AVERAGE(Benchmark!G2:G51) | C9: 0.004237 | D9: =IF(ABS(B9-C9)<=0.05,"yes","CHECK")
A10: Questions | B10: =COUNTA(Benchmark!A2:A51) | C10: 50 | D10: =IF(ABS(B10-C10)<=0.05,"yes","CHECK")
A12: Model change control (docs/gxp/04): accept a new model only if all hold
A13: SQL accuracy ≥ 95% | B13: =IF(B3>=95,"meets","FAILS")
A14: Hit@1 ≥ 85% | B14: =IF(B4>=85,"meets","FAILS")
A15: Refusals = 100% | B15: =IF(B6=100,"meets","FAILS")
A16: Unsupported numbers ≤ 2% | B16: =IF(B7<=2,"meets","FAILS")

Sheet Change log
A1: Version | B1: Date | C1: Change
A2: 1.0 | B2: 2026-09-23 | C2: 15 manual/UAT cases (TC01-TC15) for the v1 agent
A3: 1.2 | B3: 2026-09-25 | C3: GxP readiness: TC16-TC20 (audit trail, tampering, model per answer, baselining, model change control); 3 real bugs logged; results linked to Playwright, Postman, pytest and benchmark evidence

Sheet Test cases
A1: ID | B1: Title | C1: Preconditions | D1: Steps | E1: Expected result | F1: Automated by | G1: Result | H1: Evidence | I1: Executed on
A2: TC01 | B2: Root cause: order drop | C2: Lab data loaded | D2: 1. Select "Olist lab" 2. Ask "Why did the number of orders drop in April 2018 compared to March 2018?" | E2: Status ok; headline shows orders March → April with % change; top candidate customer_state = MG; citations [Q#] present | F2: rc01 | G2: Pass | H2: Benchmark rc01 (Hit@1) | I2: 2026-09-25
A3: TC02 | B3: Root cause: ratio metric | C3: Lab data | D3: Ask "Why did the late delivery rate increase in June 2018 compared to May 2018?" | E3: Metric shown as a rate (3 decimals); top candidate customer_state = SP; carrier incident cited [D#] | F3: rc04 | G3: Pass | H3: Benchmark rc04 (Hit@1) | I3: 2026-09-25
A4: TC03 | B4: Data bug detection | C4: Lab data | D4: Ask "Why did revenue jump in October 2017 compared to September 2017?" | E4: Red data-quality banner (order_payments duplicates 0% → ~29%); summary says data problem; ETL incident cited | F4: rc13 | G4: Pass | H4: Benchmark rc13 (Hit@1) | I4: 2026-09-25
A5: TC04 | B5: Plain data question | C5: Original data | D5: Select "Olist (original)"; ask "How many orders were canceled?" | E5: Answer 625 with [Q1]; one query in the audit trail | F5: sql17 | G5: Pass | H5: Playwright + Postman 05 (answer 625, cites Q1) | I5: 2026-09-25
A6: TC05 | B6: Refusal | C6: Any | D6: Ask "Why did website traffic drop?" | E6: Status unanswerable; no queries run | F6: rf01 | G6: Pass | H6: Benchmark rf01 | I6: 2026-09-25
A7: TC06 | B7: Audit trail | C7: Run TC01 | D7: Expand "Audit trail" | E7: Every query shows purpose, SQL, row count, time and preview; no errors | F7: – | G7: Pass | H7: Playwright: SQL with LIMIT shown in audit trail | I7: 2026-09-25
A8: TC07 | B8: Unsafe SQL blocked | C8: pytest | D8: Run pytest tests/test_sql_validator.py | E8: All unsafe queries rejected (DELETE, DROP, CTE-DELETE, pg_sleep, other schemas) | F8: yes | G8: Pass | H8: pytest tests/test_sql_validator.py | I8: 2026-09-25
A9: TC08 | B9: Read-only role | C9: DB set up | D9: Run python -m data.setup_readonly_role | E9: "Write test passed: DELETE was refused." | F9: yes | G9: Not run in v1.2
A10: TC09 | B10: Feedback | C10: Run any question | D10: Click 👍 | E10: Toast "Thanks!"; a row in rootcause_app.feedback | F10: – | G10: Pass | H10: Postman 08-09 (invalid rating 422, valid saved) | I10: 2026-09-25
A11: TC10 | B11: History | C11: Several runs | D11: Open History tab | E11: Runs listed newest first with status and duration | F11: – | G11: Pass | H11: Playwright History tab | I11: 2026-09-25
A12: TC11 | B12: Evals tab | C12: Benchmark run | D12: Open Evals tab | E12: Summary metrics and per-question results displayed without errors | F12: – | G12: Pass | H12: Playwright Evals tab | I12: 2026-09-25
A13: TC12 | B13: Provider failure | C13: Set an invalid LLM_MODEL in .env | D13: Ask any question | E13: Status error with a readable message; app does not crash | F13: – | G13: Not run in v1.2
A14: TC13 | B14: Webhook duplicate | C14: Integrations service | D14: Post the same signed Razorpay event twice | E14: 202 then 200 {"duplicate": true}; one event stored | F14: yes (03) | G14: Pass | H14: pytest integrations (03) | I14: 2026-09-25
A15: TC14 | B15: Dead-letter replay | C15: Integrations service | D15: Force a handler error until dead-lettered; fix; replay_events --dead-letter | E15: Event processed; order state correct | F15: yes (08) | G15: Pass | H15: pytest integrations (08) | I15: 2026-09-25
A16: TC15 | B16: Anomaly API | C16: API running | D16: GET /anomalies?dataset=olist_lab | E16: Includes 2018-08 canceled_rate spikes and 2017-11-24 order spike | F16: – | G16: Not run in v1.2
A17: TC16 | B17: Audit trail intact (v1.2) | C17: Some runs saved | D17: Open History tab | E17: Green banner "Audit trail intact: N hash-chained entries verified" | F17: Playwright test_history_tab_verifies_the_audit_trail; Postman 12 | G17: Pass | H17: Playwright + Postman 12 | I17: 2026-09-25
A18: TC17 | B18: Tampering detected (v1.2) | C18: Run TC04; DB admin access | D18: In SQL, UPDATE rootcause_app.runs SET report = ... WHERE run_id = '<id>'; open History tab | E18: Red banner "Audit trail problem: 1 issue(s)"; the table names the run and "changed after they were recorded" | F18: tests/test_audit_log.py (7 cases) | G18: Pass | H18: pytest tests/test_audit_log.py (edit, delete, insert, log rewrite) | I18: 2026-09-25
A19: TC18 | B19: Model recorded per answer (v1.2) | C19: Run TC04 | D19: GET /runs/<id>; GET /audit/log?limit=2 | E19: usage.models lists the model; the audit entry for the run carries the same model | F19: Postman 06, 11 | G19: Pass | H19: Postman 06, 11 | I19: 2026-09-25
A20: TC19 | B20: Legacy runs baselined once (v1.2) | C20: Database with runs from before v1.2 | D20: Start the app twice; GET /audit/log | E20: One run_baselined entry per legacy run, not two; /audit/verify intact | F20: test_runs_saved_before_the_audit_log_are_baselined_once | G20: Pass | H20: pytest + production DB: 64 runs baselined, intact | I20: 2026-09-25
A21: TC20 | B21: Model change control (v1.2) | C21: New model id proposed | D21: Set LLM_MODEL; run python -m evals.run_evals; compare with thresholds in docs/gxp/04 | E21: Accept only if SQL ≥ 95%, Hit@1 ≥ 85%, refusals 100%, unsupported numbers ≤ 2% | F21: Postman 13 checks the thresholds on the latest report | G21: Pass | H21: Postman 13 (latest report meets thresholds) | I21: 2026-09-25

Sheet Traceability
A1: Requirement | B1: Text | C1: Risk | D1: Verified by | E1: Status
A2: GR-01 | B2: Every number in an answer is supported by a stored query result | C2: R1 | D2: test_invented_number_is_flagged, test_hallucinated_number_in_answer_is_flagged, benchmark | E2: Pass
A3: GR-02 | B3: The system cannot change source data | C3: R3 | D3: test_unsafe_queries_are_rejected, read-only role write test | E3: Pass
A4: GR-03 | B4: Data-quality problems are reported before business causes | C4: R4 | D4: test_duplicate_payment_rows_are_reported_as_data_quality_issue, rc13–rc15 | E4: Pass
A5: GR-04 | B5: Unanswerable questions are refused without running queries | C5: R5 | D5: test_unanswerable_question_is_refused_without_queries, rf01–rf05 | E5: Pass
A6: GR-05 | B6: Every stored answer is tamper-evident: edits, deletions and insertions outside the app are detected | C6: R6 | D6: tests/test_audit_log.py (7 tests) + Postman Audit verify | E6: Pass
A7: GR-06 | B7: Each answer records the model that produced it | C7: R7, R8 | D7: test_untouched_trail_verifies_and_records_the_model | E7: Pass
A8: GR-07 | B8: Answers existing before the audit log are baselined once and then protected | C8: R6 | D8: test_runs_saved_before_the_audit_log_are_baselined_once; production database: 64 runs baselined, chain intact | E8: Pass
A9: GR-08 | B9: A model change is accepted only if the benchmark meets the acceptance criteria | C9: R7 | D9: Change-control procedure below; evals/reports/latest.json records the model | E9: Procedure defined
A10: GR-09 | B10: Each question is attributable to a named user | C10: R8 | D10: Not implemented | E10: **Open (G1)**

Sheet Risk register
A1: # | B1: Hazard | C1: Effect | D1: S | E1: P | F1: D | G1: RPN | H1: Control | I1: Evidence
A2: R1 | B2: LLM invents a number | C2: Investigation chases a change that doesn't exist | D2: 3 | E2: 2 | F2: 3 | G2: =D2*E2*F2 | H2: Grounding check: every number in the answer must appear in query results, else flagged and shown as a warning | I2: test_invented_number_is_flagged, test_hallucinated_number_in_answer_is_flagged; benchmark: 0% unsupported numbers (50 questions)
A3: R2 | B3: Wrong SQL gives a wrong number | C3: Wrong conclusion that looks well-supported | D3: 3 | E3: 2 | F3: 2 | G3: =D3*E3*F3 | H3: Metrics come from a reviewed semantic layer, not free-form SQL; SQL errors are retried with the error; every number cites its query id | I3: test_bad_metric_sql_is_retried_with_the_error_message; benchmark SQL accuracy 100%
A4: R3 | B4: Agent modifies GxP data | C4: Loss of data integrity in the source | D4: 3 | E4: 1 | F4: 3 | G4: =D4*E4*F4 | H4: SQL validator (SELECT only, schema allow-list, CTE checks) + read-only database role (second, independent layer) | I4: test_unsafe_queries_are_rejected (DELETE, DROP, CTE-hidden DELETE, pg_sleep); read-only role write test
A5: R4 | B5: A data bug is reported as a real business change | C5: Wrong root cause (e.g. duplicated records read as a real spike) | D5: 3 | E5: 2 | F5: 2 | G5: =D5*E5*F5 | H5: Data-quality checks (duplicate rates) run before blaming the process | I5: test_duplicate_payment_rows_are_reported_as_data_quality_issue; benchmark rc13–rc15
A6: R5 | B6: Answers a question the data can't answer | C6: False confidence | D6: 2 | E6: 2 | F6: 2 | G6: =D6*E6*F6 | H6: Router refuses unanswerable questions; no queries run | I6: test_unanswerable_question_is_refused_without_queries; benchmark 100% correct refusals
A7: R6 | B7: Stored answer or its SQL is edited later | C7: Evidence in an investigation no longer matches what was shown | D7: 3 | E7: 1 | F7: 3 | G7: =D7*E7*F7 | H7: **v1.2:** hash-chained audit log + re-read of every run on verification | I7: tests/test_audit_log.py (7 tests: edited answer, edited SQL, deleted run, rewritten or removed log entry, run inserted outside the app)
A8: R7 | B8: Provider silently changes the model | C8: Accuracy drops with no code change | D8: 3 | E8: 2 | F8: 3 | G8: =D8*E8*F8 | H8: Model pinned in config; model recorded per answer; **change control: benchmark must pass before a new model is accepted** | I8: evals/reports/latest.json records the model; procedure in 04
A9: R8 | B9: Answer cannot be attributed (who asked, which model, when) | C9: Fails ALCOA+ *Attributable* | D9: 2 | E9: 2 | F9: 2 | G9: =D9*E9*F9 | H9: Run stores question, time (UTC), model; v1.2 audit log. **Gap:** no user identity yet (single-user demo) | I9: Open item G1 below
A10: R9 | B10: Prompt injection through retrieved documents | C10: Agent follows instructions hidden in a document | D10: 2 | E10: 1 | F10: 3 | G10: =D10*E10*F10 | H10: Documents are only cited as context; the agent can only run validated SELECTs, so the worst case is a wrong *candidate*, caught by review | I10: SQL validator tests; human review (intended use)

Sheet Benchmark
A1: Question | B1: Category | C1: Status | D1: Pass | E1: Hit@3 | F1: Seconds | G1: Cost USD | H1: LLM calls | I1: SQL errors | J1: Unsupported numbers
A2: sql01 | B2: sql | C2: ok | D2: TRUE | F2: 127.16 | G2: 0.002582 | H2: 3 | I2: 0 | J2: 0
A3: sql02 | B3: sql | C3: ok | D3: TRUE | F3: 89.69 | G3: 0.00279 | H3: 3 | I3: 0 | J3: 0
A4: sql03 | B4: sql | C4: ok | D4: TRUE | F4: 247.59 | G4: 0.002683 | H4: 3 | I4: 0 | J4: 0
A5: sql04 | B5: sql | C5: ok | D5: TRUE | F5: 151.37 | G5: 0.00257 | H5: 3 | I5: 0 | J5: 0
A6: sql05 | B6: sql | C6: ok | D6: TRUE | F6: 146.59 | G6: 0.003141 | H6: 3 | I6: 0 | J6: 0
A7: sql06 | B7: sql | C7: ok | D7: TRUE | F7: 140.46 | G7: 0.003123 | H7: 3 | I7: 0 | J7: 0
A8: sql07 | B8: sql | C8: ok | D8: TRUE | F8: 126.66 | G8: 0.003076 | H8: 3 | I8: 0 | J8: 0
A9: sql08 | B9: sql | C9: ok | D9: TRUE | F9: 186.67 | G9: 0.004287 | H9: 3 | I9: 0 | J9: 0
A10: sql09 | B10: sql | C10: ok | D10: TRUE | F10: 117.99 | G10: 0.004666 | H10: 3 | I10: 0 | J10: 0
A11: sql10 | B11: sql | C11: ok | D11: TRUE | F11: 86.71 | G11: 0.003139 | H11: 3 | I11: 0 | J11: 0
A12: sql11 | B12: sql | C12: ok | D12: TRUE | F12: 92.59 | G12: 0.00315 | H12: 3 | I12: 0 | J12: 0
A13: sql12 | B13: sql | C13: ok | D13: TRUE | F13: 121.11 | G13: 0.005434 | H13: 3 | I13: 0 | J13: 0
... A29: sql30 | B29: sql | C29: ok | D29: TRUE | F29: 18.52 | G29: 0.004662 | H29: 3 | I29: 0 | J29: 0
A30: rc01 | B30: root_cause | C30: ok | D30: TRUE | E30: TRUE | F30: 21.72 | G30: 0.006673 | H30: 3 | I30: 0 | J30: 0
A31: rc02 | B31: root_cause | C31: ok | D31: TRUE | E31: TRUE | F31: 27.79 | G31: 0.005661 | H31: 3 | I31: 0 | J31: 0
A32: rc03 | B32: root_cause | C32: ok | D32: TRUE | E32: TRUE | F32: 26.35 | G32: 0.006839 | H32: 3 | I32: 0 | J32: 0
A33: rc04 | B33: root_cause | C33: ok | D33: TRUE | E33: TRUE | F33: 27.27 | G33: 0.007607 | H33: 3 | I33: 0 | J33: 0
A34: rc05 | B34: root_cause | C34: ok | D34: TRUE | E34: TRUE | F34: 37.61 | G34: 0.011054 | H34: 3 | I34: 0 | J34: 0
A35: rc06 | B35: root_cause | C35: ok | D35: TRUE | E35: TRUE | F35: 20.98 | G35: 0.005794 | H35: 3 | I35: 0 | J35: 0
A36: rc08 | B36: root_cause | C36: ok | D36: FALSE | E36: TRUE | F36: 55.24 | G36: 0.008779 | H36: 3 | I36: 0 | J36: 0
A37: rc09 | B37: root_cause | C37: ok | D37: TRUE | E37: TRUE | F37: 20.74 | G37: 0.004914 | H37: 3 | I37: 0 | J37: 0
A38: rc10 | B38: root_cause | C38: ok | D38: TRUE | E38: TRUE | F38: 24.66 | G38: 0.006312 | H38: 3 | I38: 0 | J38: 0
A39: rc11 | B39: root_cause | C39: ok | D39: TRUE | E39: TRUE | F39: 19.33 | G39: 0.004742 | H39: 3 | I39: 0 | J39: 0
A40: rc12 | B40: root_cause | C40: ok | D40: TRUE | E40: TRUE | F40: 29.66 | G40: 0.006245 | H40: 3 | I40: 0 | J40: 0
A41: rc13 | B41: root_cause | C41: ok | D41: TRUE | E41: TRUE | F41: 16.85 | G41: 0.004451 | H41: 3 | I41: 0 | J41: 0
... A43: rc15 | B43: root_cause | C43: ok | D43: TRUE | E43: TRUE | F43: 21.92 | G43: 0.007032 | H43: 3 | I43: 0 | J43: 0
A44: rf01 | B44: refusal | C44: unanswerable | D44: TRUE | F44: 11.83 | G44: 0.000863 | H44: 1 | I44: 0 | J44: 0
A45: rf02 | B45: refusal | C45: unanswerable | D45: TRUE | F45: 3.98 | G45: 0.000983 | H45: 1 | I45: 0 | J45: 0
A46: rf03 | B46: refusal | C46: unanswerable | D46: TRUE | F46: 6.88 | G46: 0.000826 | H46: 1 | I46: 0 | J46: 0
A47: rf04 | B47: refusal | C47: unanswerable | D47: TRUE | F47: 6.66 | G47: 0.000959 | H47: 1 | I47: 0 | J47: 0
A48: rf05 | B48: refusal | C48: unanswerable | D48: TRUE | F48: 4.6 | G48: 0.000884 | H48: 1 | I48: 0 | J48: 0
A49: sql14 | B49: sql | C49: ok | D49: TRUE | F49: 25.16 | G49: 0.005415 | H49: 3 | I49: 0 | J49: 0
A50: sql15 | B50: sql | C50: ok | D50: TRUE | F50: 12.49 | G50: 0.004792 | H50: 3 | I50: 0 | J50: 0
A51: rc07 | B51: root_cause | C51: ok | D51: TRUE | E51: TRUE | F51: 29.96 | G51: 0.006283 | H51: 3 | I51: 0 | J51: 0

Sheet Bugs
A1: ID | B1: Title | C1: Severity | D1: Status
A2: BUG-001 | B2: UI: "Not helpful" feedback button label is cut off | C2: S4 | D2: Closed
A3: BUG-002 | B3: API: every question fails with `ImportError: DLL load failed` | C3: S1 | D3: Closed
A4: BUG-003 | B4: Test: UI evidence screenshot taken before the audit trail had opened | C4: S3 | D4: Closed
